text,label
สวัสดีครับเรียนสายคุณวิชัยใช่ไหมครับผมโทรจากฝ่ายกฎหมายของกรมสรรพากรนะครับพอดีมีการตรวจสอบพบว่าคุณมียอดภาษีชำระเกินจากปีที่แล้วจำนวนสามพันห้าร้อยบาททางเราได้ส่งจดหมายไปแล้วแต่ตีกลับครับตอนนี้ทางเราเปิดให้ทำเรื่องขอคืนภาษีผ่านระบบออนไลน์ได้แล้วนะครับเดี๋ยวผมจะให้เจ้าหน้าที่แอดไลน์ไปเพื่อส่งลิงก์ให้กรอกข้อมูลยืนยันรับเงินคืนนะครับรบกวนรับแอดไลน์ไอดีที่ส่งไปหน่อยครับ,1
สวัสดีครับพี่ครับผมไรเดอร์จากไลน์แมนนะครับพอดีร้านข้าวมันไก่ที่พี่สั่งเขามีโปรโมชันแถมน้ำซุปเพิ่มให้แต่ว่าไก่ทอดหมดเกลี้ยงเลยครับพี่จะรับเป็นไก่ต้มล้วนแทนไหมครับหรือจะให้ผมกดยกเลิกออเดอร์ให้ก่อนครับอ๋อได้ครับไก่ต้มล้วนก็ได้ครับเดี๋ยวผมรีบไปส่งให้นะครับอีกประมาณสิบห้านาทีถึงครับขอบคุณครับ,0
สวัสดีค่ะโทรจากฝ่ายบุคคลของบริษัทติ๊กต็อกไทยแลนด์นะคะขอรบกวนเวลาสักครู่นะคะพอดีตอนนี้เรามีแคมเปญรับสมัครพนักงานพาร์ทไทม์ช่วยกดไลก์กดหัวใจคลิปวิดีโอเพื่อโปรโมทอินฟลูเอนเซอร์หน้าใหม่รายได้ดีมากเลยค่ะทำที่บ้านได้เลยวันละสามร้อยถึงแปดร้อยบาทสนใจลองฟังรายละเอียดไหมคะงานง่ายๆแค่มีมือถือเครื่องเดียวก็ทำได้ค่ะถ้าสนใจแอดไลน์มาคุยกับแอดมินได้เลยนะคะ,1
สวัสดีครับคุณลูกค้าครับผมโทรจากศูนย์บริการทรูออนไลน์นะครับพอดีเห็นว่าแพ็กเกจอินเทอร์เน็ตบ้านของคุณลูกค้ากำลังจะหมดสัญญาในเดือนหน้าทางเราเลยอยากนำเสนอแพ็กเกจใหม่ที่คุ้มค่ากว่าเดิมครับได้ความเร็วเพิ่มเป็นหนึ่งกิกะบิตพร้อมกล่องทรูไอดีทีวีดูฟุตบอลพรีเมียร์ลีกฟรีหนึ่งฤดูกาลครับราคาเท่าเดิมเลยครับสนใจให้ผมทำการต่อสัญญาให้เลยไหมครับจะได้ไม่ต้องไปทำเรื่องที่ช็อปครับ,0
สวัสดีครับนี่คือระบบตอบรับอัตโนมัติจากการไฟฟ้าส่วนภูมิภาคแจ้งให้ท่านทราบว่ามิเตอร์ไฟฟ้าของท่านกำลังจะถูกตัดเนื่องจากค้างชำระค่าบริการเป็นเวลาสองเดือนหากท่านชำระแล้วหรือต้องการติดต่อเจ้าหน้าที่เพื่อชี้แจงกรุณากดเก้าเพื่อคุยกับพนักงานมิฉะนั้นจะมีเจ้าหน้าที่เข้าไปทำการถอดมิเตอร์ภายในบ่ายวันนี้ครับ,1
สวัสดีครับสอบถามหน่อยครับอันนี้ใช่เบอร์ของร้านดอกไม้คุณนิดหรือเปล่าครับอ้าวไม่ใช่เหรอครับขอโทษทีครับสงสัยผมเมมเบอร์ผิดแต่เสียงคุณดูใจดีจังเลยนะครับไม่ทราบว่าชื่ออะไรครับเผื่อวันหลังจะได้ไม่โทรผิดอีกพอดีผมเพิ่งกลับมาจากต่างประเทศน่ะครับยังไม่ค่อยคุ้นกับเบอร์ที่ไทยเท่าไหร่ยินดีที่ได้รู้จักนะครับ,1
สวัสดีครับคุณสมศักดิ์นะครับโทรจากศูนย์ฮอนด้าสาขาบางนานะครับพอดีเช็กประวัติรถของคุณลูกค้าถึงรอบเช็กระยะหนึ่งแสนกิโลเมตรแล้วครับไม่ทราบว่าจะสะดวกนำรถเข้ามาตรวจเช็กสภาพช่วงเสาร์อาทิตย์นี้ไหมครับพอดีตอนนี้มีโปรโมชันลดค่าอะไหล่สิบห้าเปอร์เซ็นต์ด้วยครับถ้าสะดวกเดี๋ยวผมลงคิวจองช่างไว้ให้เลยครับ,0
สวัสดีครับเรียนสายเจ้าของเบอร์นะครับนี่คือเจ้าหน้าที่จากสำนักงาน กสทช แจ้งให้ทราบว่าหมายเลขโทรศัพท์ของท่านถูกร้องเรียนว่ามีการส่งข้อความพนันออนไลน์และสร้างความรบกวนให้แก่ผู้อื่นทางเราจะทำการระงับสัญญาณเบอร์นี้ภายในสองชั่วโมงหากท่านไม่ได้เป็นผู้กระทำกรุณากดหนึ่งเพื่อติดต่อเจ้าหน้าที่ฝ่ายกฎหมายเพื่อยืนยันความบริสุทธิ์ครับ,1
สวัสดีค่ะเรียนสายคุณผู้หญิงนะคะขออนุญาตแนะนำโครงการสิทธิพิเศษจากบัตรเครดิตกรุงศรีค่ะเป็นแผนคุ้มครองรายได้ชดเชยเมื่อต้องนอนโรงพยาบาลวันละสองพันบาทค่ะเบี้ยประกันเริ่มต้นเพียงวันละสิบบาทหักผ่านบัตรเครดิตอัตโนมัติค่ะคุณพี่ฟังรายละเอียดสั้นๆก่อนได้นะคะไม่สนใจไม่เป็นไรค่ะตัวนี้คุ้มครองโควิดด้วยนะคะ,0
สวัสดีครับคุณมานะใช่ไหมครับผมโทรจากฝ่ายดูแลสมาชิกบัตรเครดิตเคทีซีครับพอดีคะแนนสะสมของคุณจำนวนห้าหมื่นคะแนนกำลังจะหมดอายุในสิ้นเดือนนี้นะครับทางเราเสียดายสิทธิ์แทนลูกค้าเลยโทรมาแจ้งว่าตอนนี้สามารถเปลี่ยนคะแนนเป็นเงินสดโอนเข้าบัญชีได้ทันทีครับเพียงแค่คุณพี่แจ้งเลขหน้าบัตรกับเลขรหัสโอทีพีที่เด้งเข้าเครื่องเมื่อกี้ให้ผมหน่อยครับจะได้ทำเรื่องโอนเงินให้เลยครับ,1
สวัสดีครับพี่ครับพอดีผมมาส่งพัสดุเคอรี่ครับหน้าบ้านพี่ไม่มีกริ่งกดครับผมตะโกนเรียกแล้วเงียบเลยครับไม่ทราบว่าพี่อยู่บ้านไหมครับอ๋อไม่อยู่เหรอครับงั้นผมวางของไว้ในตะกร้าหน้ารถมอเตอร์ไซค์สีแดงที่จอดอยู่ได้ไหมครับอ๋อได้ครับงั้นเดี๋ยวผมถ่ายรูปส่งเข้าไปในแชทให้นะครับขอบคุณครับ,0
สวัสดีค่ะติดต่อจากกรมที่ดินนะคะพอดีตอนนี้ทางกรมมีนโยบายให้อัปเดตข้อมูลโฉนดที่ดินผ่านแอปพลิเคชันสมาร์ทแลนด์เพื่อลดขั้นตอนการติดต่อราชการค่ะรบกวนคุณพี่แอดไลน์เจ้าหน้าที่ฝ่ายทะเบียนที่เบอร์นี้นะคะเดี๋ยวทางเราจะส่งลิงก์ให้ดาวน์โหลดแอปเพื่อยืนยันตัวตนค่ะถ้าไม่อัปเดตตอนนี้อาจจะมีปัญหาเวลาทำธุรกรรมซื้อขายที่ดินในอนาคตนะคะ,1
ฮัลโหลแม่เหรอแม่นี่หนูเองนะพอดีมือถือหนูตกน้ำเครื่องพังเลยยืมมือถือเพื่อนโทรมาเนี่ยเสียงเลยแปลกๆหน่อยแม่หนูเดือดร้อนมากเลยตอนนี้ขับรถเพื่อนไปชนต้องรีบจ่ายค่าเสียหายให้คู่กรณีเขาด่วนเลยแม่โอนเงินให้หนูสักสองหมื่นก่อนได้ไหมโอนเข้าบัญชีเพื่อนหนูนะเพราะบัญชีหนูแอปมันใช้ไม่ได้เดี๋ยวหนูกลับไปคืนให้นะแม่รีบหน่อยนะเขาขู่จะแจ้งตำรวจ,1
สวัสดีครับสั่งพิซซ่าฮาทนะครับทวนออเดอร์นะครับมีฮาวายเอี้ยนถาดกลางหนึ่งที่สปาเก็ตตี้ขี้เมาทะเลหนึ่งที่นะครับยอดรวมสามร้อยเก้าสิบบาทครับที่อยู่จัดส่งเป็นคอนโดลุมพินีรามอินทรานะครับโอเคครับพนักงานจะไปถึงภายในสามสิบนาทีนะครับชำระเป็นเงินสดปลายทางนะครับขอบคุณครับ,0
สวัสดีค่ะคุณลูกค้าได้รับสิทธิ์กู้เงินสินเชื่อส่วนบุคคลดอกเบี้ยต่ำพิเศษร้อยละบาทต่อเดือนอนุมัติไวภายในสามสิบนาทีไม่ต้องมีคนค้ำประกันนะคะเพียงแค่คลิกลิงก์ที่ส่งไปทางข้อความเพื่อลงทะเบียนและโอนเงินค่ามัดจำสัญญาแค่ห้าร้อยบาทค่ะถ้ากู้ไม่ผ่านเราคืนเงินมัดจำให้ทันทีค่ะสนใจรับเงินก้อนไปหมุนเวียนก่อนไหมคะ,1
สวัสดีครับสวัสดีครับเรียนสายคุณสมชายใช่ไหมครับนี่คือเจ้าหน้าที่จากฝ่ายตรวจสอบพัสดุตกค้างกรมศุลกากรสำนักงานใหญ่แจ้งว่ามีพัสดุผิดกฎหมายส่งในนามของคุณต้นทางจากเชียงรายปลายทางปักกิ่งเลขพัสดุทีเอชเก้าศูนย์สองหนึ่งสี่ถูกอายัดไว้เนื่องจากตรวจพบหนังสือเดินทางปลอมและบัตรเอทีเอ็มจำนวนมากคุณทราบเรื่องนี้หรือไม่ครับถ้าคุณไม่ได้เป็นคนส่งข้อมูลส่วนตัวของคุณอาจถูกมิจฉาชีพนำไปใช้แอบอ้างกรุณาถือสายรอห้ามวางสายเด็ดขาดผมจะทำการโอนสายให้เจ้าหน้าที่ตำรวจสถานีตำรวจภูธรภาคห้าเพื่อแจ้งความลงบันทึกประจำวันไว้เป็นหลักฐานครับสวัสดีครับใช่ครับผมสมชายพูดสายอยู่พัสดุอะไรครับผมไม่เคยส่งของไปเมืองจีนเลยนะแล้วทำไมโทรจากเบอร์มือถือล่ะครับผมต้องทำยังไงบ้างครับคุณตำรวจได้ยินไหมครับผมบริสุทธิ์ใจจริงๆปีนี้ผมยังไม่เคยไปเชียงรายเลยต้องให้ผมยืนยันเลขบัตรประชาชนตอนนี้เลยไหมครับสวัสดีครับสวัสดีครับเรียนสายคุณสมชายใช่ไหมครับนี่คือเจ้าหน้าที่จากฝ่ายตรวจสอบพัสดุตกค้างกรมศุลกากรสำนักงานใหญ่แจ้งว่ามีพัสดุผิดกฎหมายส่งในนามของคุณต้นทางจากเชียงรายปลายทางปักกิ่งเลขพัสดุทีเอชเก้าศูนย์สองหนึ่งสี่ถูกอายัดไว้เนื่องจากตรวจพบหนังสือเดินทางปลอมและบัตรเอทีเอ็มจำนวนมากเราจำเป็นต้องให้คุณยืนยันตัวตนด่วนกรุณาอย่าเพิ่งวางสายนะครับมิฉะนั้นคุณจะมีความผิดฐานร่วมกันฟอกเงินตอนนี้ผมกำลังทำการโอนสายให้ร้อยตำรวจโทวิชาญเพื่อสอบปากคำและตรวจสอบเส้นทางการเงินในบัญชีของคุณเพื่อแสดงความบริสุทธิ์ใจห้ามวางสายเด็ดขาดหากสายหลุดทางเราจะออกหมายจับตามที่อยู่ทะเบียนบ้านของคุณทันทีภายในสองชั่วโมงนี้ครับ,1
สวัสดีครับขอสายคุณสมชายหน่อยครับผมโทรจากแผนกบริการลูกค้าของธนาคารสำนักงานใหญ่ครับพอดีระบบตรวจสอบของเราตรวจเจอความผิดปกติในการใช้จ่ายผ่านบัตรเครดิตของคุณที่ห้างสรรพสินค้าในจังหวัดภูเก็ตเมื่อช่วงเช้าที่ผ่านมาเป็นยอดชำระสินค้าแบรนด์เนมจำนวนห้าหมื่นแปดพันบาทไม่ทราบว่าคุณสมชายได้ทำรายการนี้ด้วยตนเองหรือเปล่าครับอ๋อไม่ใช่เหรอครับถ้าอย่างนั้นมีความเป็นไปได้สูงมากที่บัตรของคุณจะถูกคัดลอกข้อมูลหรือถูกแอบอ้างใช้งานนะครับเพื่อความปลอดภัยของยอดเงินในบัญชีอื่นของคุณผมแนะนำว่าเราควรต้องทำการระงับบัตรและลงทะเบียนรหัสความปลอดภัยใหม่ในระบบทันทีเดี๋ยวผมจะส่งลิงก์ยืนยันตัวตนผ่านทางข้อความให้คุณคลิกเข้าไปเพื่อตรวจสอบรายการย้อนหลังและกดยืนยันว่าไม่ได้เป็นคนทำรายการนี้นะครับรบกวนคุณสมชายช่วยเช็คข้อความที่เข้าตอนนี้แล้วทำตามขั้นตอนในหน้าเว็บได้เลยครับเพื่อป้องกันไม่ให้ยอดเงินถูกดึงออกไปมากกว่านี้ครับสวัสดีครับขอสายคุณสมชายหน่อยครับผมโทรจากแผนกบริการลูกค้าของธนาคารสำนักงานใหญ่ครับพอดีระบบตรวจสอบของเราตรวจเจอความผิดปกติในการใช้จ่ายผ่านบัตรเครดิตของคุณที่ห้างสรรพสินค้าในจังหวัดภูเก็ตเมื่อช่วงเช้าที่ผ่านมาเป็นยอดชำระสินค้าแบรนด์เนมจำนวนห้าหมื่นแปดพันบาทไม่ทราบว่าคุณสมชายได้ทำรายการนี้ด้วยตนเองหรือเปล่าครับอ๋อไม่ใช่เหรอครับถ้าอย่างนั้นมีความเป็นไปได้สูงมากที่บัตรของคุณจะถูกคัดลอกข้อมูลหรือถูกแอบอ้างใช้งานนะครับเพื่อความปลอดภัยของยอดเงินในบัญชีอื่นของคุณผมแนะนำว่าเราควรต้องทำการระงับบัตรและลงทะเบียนรหัสความปลอดภัยใหม่ในระบบทันทีเดี๋ยวผมจะส่งลิงก์ยืนยันตัวตนผ่านทางข้อความให้คุณคลิกเข้าไปเพื่อตรวจสอบรายการย้อนหลังและกดยืนยันว่าไม่ได้เป็นคนทำรายการนี้นะครับรบกวนคุณสมชายช่วยเช็คข้อความที่เข้าตอนนี้แล้วทำตามขั้นตอนในหน้าเว็บได้เลยครับเพื่อป้องกันไม่ให้ยอดเงินถูกดึงออกไปมากกว่านี้ครับ,1
สวัสดีครับคุณสมชายใช่ไหมครับพอดีผมโทรจากฝ่ายตรวจสอบการจองที่พักของแพลตฟอร์มอาโกด้าครับพอดีเห็นมีรายการจองห้องพักพูลวิลล่าที่พัทยาเข้ามาในระบบเมื่อสักครู่นี้เองครับยอดชำระอยู่ที่หนึ่งหมื่นสองพันบาทพอดีเราเห็นว่าเป็นการจองที่กดซ้ำซ้อนกันสองครั้งในเวลาไล่เลี่ยกันน่ะครับไม่ทราบว่าคุณสมชายตั้งใจจะจองสองห้องหรือเปล่าครับอ๋อไม่ใช่เหรอครับเข้าใจเลยครับน่าจะเป็นที่ระบบอินเทอร์เน็ตขัดข้องตอนกดชำระเงินแน่ๆเลยครับไม่ต้องกังวลนะครับเดี๋ยวทางผมช่วยยกเลิกรายการที่เกินมาให้ทันทีครับเพื่อที่ยอดเงินจะได้คืนเข้าบัตรเครดิตภายในวันนี้เลยรบกวนคุณสมชายช่วยแจ้งเลขรหัสยกเลิกที่กำลังจะส่งเข้ามือถือเป็นเลขหกหลักให้ผมหน่อยได้ไหมครับเป็นรหัสยืนยันเพื่อทำการรีฟันด์เงินคืนเข้าบัญชีน่ะครับถ้าไม่แจ้งตอนนี้ยอดจะถูกตัดไปทั้งสองยอดเลยนะครับรบกวนเช็คข้อความให้หน่อยครับสวัสดีครับคุณสมชายใช่ไหมครับพอดีผมโทรจากฝ่ายตรวจสอบการจองที่พักของแพลตฟอร์มอาโกด้าครับพอดีเห็นมีรายการจองห้องพักพูลวิลล่าที่พัทยาเข้ามาในระบบเมื่อสักครู่นี้เองครับยอดชำระอยู่ที่หนึ่งหมื่นสองพันบาทพอดีเราเห็นว่าเป็นการจองที่กดซ้ำซ้อนกันสองครั้งในเวลาไล่เลี่ยกันน่ะครับไม่ทราบว่าคุณสมชายตั้งใจจะจองสองห้องหรือเปล่าครับอ๋อไม่ใช่เหรอครับเข้าใจเลยครับน่าจะเป็นที่ระบบอินเทอร์เน็ตขัดข้องตอนกดชำระเงินแน่ๆเลยครับไม่ต้องกังวลนะครับเดี๋ยวทางผมช่วยยกเลิกรายการที่เกินมาให้ทันทีครับเพื่อที่ยอดเงินจะได้คืนเข้าบัตรเครดิตภายในวันนี้เลยรบกวนคุณสมชายช่วยแจ้งเลขรหัสยกเลิกที่กำลังจะส่งเข้ามือถือเป็นเลขหกหลักให้ผมหน่อยได้ไหมครับเป็นรหัสยืนยันเพื่อทำการรีฟันด์เงินคืนเข้าบัญชีน่ะครับถ้าไม่แจ้งตอนนี้ยอดจะถูกตัดไปทั้งสองยอดเลยนะครับรบกวนเช็คข้อความให้หน่อยครับ,1
สวัสดีนะครับ สวัสดีครับ เอ่อวันนี้ เอ่อ ผมชื่ออนาคมนะครับก็ที่โทรมาวันนี้ก็จะมาเอ่อ ถาม ถามเรื่องการทำอาหารนะครับว่าเจ้าเป็นยังไงบ้างครับ ก็เพราะว่าเราก็ไม่รู้จะพูดอะไรเหมือนกันต้องไปที่ทำงานพรุ่งนี้ แล้วแล้วชื่ออะไรบ้างอ่ะ เราก็ไม่รู้เหมือนกันก็ เอ่อ ตามนั้น โอเคงั้นเจอกัน,0
สวัสดีครับเรียนสายคุณสมชายนะครับผมวิวัฒน์โทรจากแผนกตรวจสอบทุจริตของธนาคารกสิกรไทยครับพอดีระบบตรวจพบรายการใช้งานบัตรเครดิตที่ผิดปกติเป็นยอดชำระค่าโฆษณาเฟซบุ๊กจากต่างประเทศจำนวนสามยอดติดต่อกันยอดละสามพันห้าร้อยบาทไม่ทราบว่าคุณสมชายเป็นผู้ทำรายการนี้เองหรือไม่ครับอ๋อไม่ใช่ใช่ไหมครับถ้าอย่างนั้นเบื้องต้นผมขออนุญาตทำการระงับบัตรใบนี้ไว้ก่อนเพื่อป้องกันความเสียหายเพิ่มเติมนะครับคุณสมชายรบกวนตรวจสอบในแอปเคพลัสตอนนี้ได้เลยครับว่าสถานะบัตรถูกล็อคแล้วหรือยังและเพื่อความปลอดภัยผมจะไม่ขอรหัสโอทีพีหรือข้อมูลส่วนตัวใดๆของคุณผ่านทางโทรศัพท์นะครับรบกวนคุณสมชายถือสายรอสักครู่เดี๋ยวผมจะแจ้งหมายเลขเคสอ้างอิงเพื่อให้คุณนำไปติดต่อที่สาขาหรือโทรกลับมาที่เบอร์คอลเซ็นเตอร์หลังบัตรเพื่อออกบัตรใหม่ด้วยตนเองครับสวัสดีครับเรียนสายคุณสมชายนะครับผมวิวัฒน์โทรจากแผนกตรวจสอบทุจริตของธนาคารกสิกรไทยครับพอดีระบบตรวจพบรายการใช้งานบัตรเครดิตที่ผิดปกติเป็นยอดชำระค่าโฆษณาเฟซบุ๊กจากต่างประเทศจำนวนสามยอดติดต่อกันยอดละสามพันห้าร้อยบาทไม่ทราบว่าคุณสมชายเป็นผู้ทำรายการนี้เองหรือไม่ครับอ๋อไม่ใช่ใช่ไหมครับถ้าอย่างนั้นเบื้องต้นผมขออนุญาตทำการระงับบัตรใบนี้ไว้ก่อนเพื่อป้องกันความเสียหายเพิ่มเติมนะครับคุณสมชายรบกวนตรวจสอบในแอปเคพลัสตอนนี้ได้เลยครับว่าสถานะบัตรถูกล็อคแล้วหรือยังและเพื่อความปลอดภัยผมจะไม่ขอรหัสโอทีพีหรือข้อมูลส่วนตัวใดๆของคุณผ่านทางโทรศัพท์นะครับรบกวนคุณสมชายถือสายรอสักครู่เดี๋ยวผมจะแจ้งหมายเลขเคสอ้างอิงเพื่อให้คุณนำไปติดต่อที่สาขาหรือโทรกลับมาที่เบอร์คอลเซ็นเตอร์หลังบัตรเพื่อออกบัตรใหม่ด้วยตนเองครับ,0
สวัสดีครับขอสายคุณสมชายหน่อยครับผมโทรจากดีลิเวอรีนะครับพอดีผมมาส่งอาหารที่หน้าหมู่บ้านแล้วครับแต่ว่าหมุดในแผนที่มันไม่ตรงน่ะครับพี่ไม่ทราบว่าบ้านพี่อยู่ซอยไหนครับพอดีในระบบมันขึ้นว่าให้วางไว้ที่ป้อมยามแต่ในโน้ตพี่เขียนว่าให้เข้าไปส่งที่บ้านเลขที่หนึ่งทับสองแต่ รปภ เขาไม่ให้ผมเข้าครับพี่ช่วยบอกทางผมนิดนึงได้ไหมครับอ๋อซอยสามเหรอครับเข้าซอยไปแล้วหลังที่สองซ้ายมือนะครับโอเคครับพี่เดี๋ยวผมรีบเข้าไปส่งให้เลยครับพอดีเมื่อกี้โทรหาพี่รอบแรกแล้วสายไม่ว่างเลยนึกว่าโทรผิดเบอร์ขอบคุณมากครับพี่เดี๋ยวเจอกันครับสวัสดีครับขอสายคุณสมชายหน่อยครับผมโทรจากดีลิเวอรีนะครับพอดีผมมาส่งอาหารที่หน้าหมู่บ้านแล้วครับแต่ว่าหมุดในแผนที่มันไม่ตรงน่ะครับพี่ไม่ทราบว่าบ้านพี่อยู่ซอยไหนครับพอดีในระบบมันขึ้นว่าให้วางไว้ที่ป้อมยามแต่ในโน้ตพี่เขียนว่าให้เข้าไปส่งที่บ้านเลขที่หนึ่งทับสองแต่ รปภ เขาไม่ให้ผมเข้าครับพี่ช่วยบอกทางผมนิดนึงได้ไหมครับอ๋อซอยสามเหรอครับเข้าซอยไปแล้วหลังที่สองซ้ายมือนะครับโอเคครับพี่เดี๋ยวผมรีบเข้าไปส่งให้เลยครับพอดีเมื่อกี้โทรหาพี่รอบแรกแล้วสายไม่ว่างเลยนึกว่าโทรผิดเบอร์ขอบคุณมากครับพี่เดี๋ยวเจอกันครับ,0
ฮัลโหลเองอยู่ไหนวะ เออเนี่ยกูรอหน้า เซเว่นนานละนะ ฝนตกหนักมากเลยเสียง ไม่ค่อยได้ยินเลยว่ะ เออๆ รีบมานะ ซื้อน้ำแข็งมาด้วย แค่นี้นะ,0
สวัสดีค่ะเรียนสายคุณ ภัทรพล หรือเปล่าคะ โทรจาก บัตรเครดิตยูโอบีค่ะ พอดีจะเรียนแจ้งสิทธิประโยชน์ ผ่อนชำระศูนย์เปอร์เซ็นต์ นานสิบเดือน ไม่ทราบว่าสะดวกฟัง สักครู่ไหมคะ ฮัลโหล ได้ยินไหมคะ,0
พี่ครับ ผม ไลน์แมน นะครับ ร้านบอกว่า กะเพราหมูหมด พี่จะเอาเป็นไก่ แทนไหมครับ หรือจะเอาเป็น เนื้อ เพิ่มเงินสิบบาท ครับพี่ ฮัลโหลพี่ สัญญาณไม่ดีเลย พิมพ์แชทบอกได้ไหมครับ,
ฮัลโหลแม่ เออ วันนี้ไม่กับนะ งานเยอะมาก น่าจะเลิกดึก ไม่ต้องรอข้าวนะ กินก่อนเลย แค่นี้นะแม่ ประชุมอยู่ บายๆ,0
สวัสดีครับ จากทรู ครับ แจ้งยอดค่าบริการ เดือนมกราคม ยอดค้างชำระ แปดร้อยเก้าสิบ บาท กรุณาชำระภายในวันที่ ยี่สิบห้า เพื่อหลีกเลี่ยงการระงับสัญญาณ ขอบคุณครับ,0
เห้ยไอ้บอย ส่งไฟล์งานให้หน่อยดิ ที่คุยกันเมื่อวานอะ ในกลุ่มไลน์ เออ รีบหน่อยนะหัวหน้าตาม แล้ว เดี๋ยวโดนด่า เออๆ ขอบใจมากเพื่อน,0
สวัสดีค่ะ ติดต่อจากโรงพยาบาล ค่ะ จะขอเรียนแจ้งนัดหมายคุณหมอ วันเสาร์นี้ เวลาเก้าโมงเช้านะคะ รบกวนคนไข้งดน้ำงดอาหาร หลังเที่ยงคืนด้วยนะคะ ค่ะ ขอบคุณค่ะ,0
ฮัลโหล ได้ยินปะ เออๆ เมื่อกี้เน็ตหลุด ว่าไงนะ อ๋อ ร้านหมูกระทะหน้าปากซอยอะนะ ได้ดิ เจอกันหกโมง เอารถไปปะ หรือให้นั่งวินไป โอเคๆ เจอกัน,0
สวัสดีครับ ขอสายคุณ สมฤทัย ครับ ผมโทรจากบริษัทประกัน ภัย รถยนต์ พอดีเห็นประกันรถทะเบียน กอไก่ ฮอนด้า จะหมดอายุเดือนหน้า สนใจต่อเบี้ยราคาเดิมไหมครับ มีแถม กล้องติดหน้ารถ ด้วยครับ,0
ขอโทษนะคะ โทรผิดหรือเปล่าคะ ไม่ใช่เบอร์คุณวิชัยค่ะ ค่ะ น่าจะผิดเบอร์นะคะ ค่ะ ไม่เป็นไรค่ะ สวัสดีค่ะ,0
ตัวเอง วันนี้กลับกี่โมง เค้าหิวข้าวแล้ว ซื้อก๋วยเตี๋ยวหน้าตึกมาฝากหน่อย เอาเส้นเล็กต้มยำนะ ไม่ใส่ถั่วงอก อย่าลืมนะ รีบมานะหิวมาก จุ๊บๆ,0
สวัสดีค่ะ ขออนุญาตเรียนสายฝ่ายจัดซื้อค่ะ ติดต่อจากบริษัท ขายส่งอุปกรณ์สำนักงานค่ะ พอดีจะขอเสนอแคตตาล็อกสินค้าใหม่ ราคาพิเศษ ส่งเมล์ไปให้พิจารณาก่อนได้ไหมคะ ขอทราบอีเมล ด้วยค่ะ,0
ฮัลโหลลูกพี่ วันนี้เข้าไซตืงานไหม พอดีปูนที่สั่ง มันมาส่งผิดสเปก พี่ช่วยเข้ามาดูหน่อย ด่วนเลยครับ ช่างไม่กล้าเท กลัวมีปัญหา ครับๆ รออยู่นะครับ,0
สวัสดีครับจองโต๊ะครับ สำหรับห้าท่าน วันศุกร์นี้ เวลาทุ่มนึงครับ ห้องวีไอพีว่างไหมครับ อ๋อ เต็มเหรอครับ งั้นโซนข้างนอกก็ได้ครับ ขอโต๊ะริมน้ำนะครับ ชื่อคุณศรรามครับ เบอร์นี้นะครับ,0
ฮัลโหล แก ได้ยินปะ สัญญาณขาดๆ หายๆ ว่ะ อยู่บนลิฟต์ปะเนี่ย เออ เดี๋ยวค่อยคุยนะ เสียงมันอู้อี้ ฟังไม่รู้เรื่องเลย เดี๋ยวโทรใหม่ บาย,0
ฮัลโหลมึงเออกุอยู่หน้าปากซอยละเนี่ยรถติดชิบหายเลยว่ะฝนก็ตกเนี่ยเดี๋ยวมึงสั่งเบียร์รอเลยนะเออๆแค่นี้นะเดี๋ยวรีบวิ่งเข้าไป,0
สวัสดีค่ะเรียนสายคุณกมลวรรณนะคะโทรจากบัตรเครดิตเซ็นทรัลการ์ดค่ะพอดีจะเรียนแจ้งสิทธิประโยชน์อัพเกรดหน้าบัตรเป็นตัวใหม่นะคะได้แต้มสะสมคูณสองไม่ทราบว่าสะดวกฟังรายละเอียดสักครู่มั้ยคะ,0
พี่คับผมไลน์แมนนะคับพอดีร้านเขาน้ำแข็งหมดอ่ะพี่พี่จะรับเป็นน้ำเปล่าอย่างเดียวมั้ยคับหรือให้ผมแวะซื้อเซเว่นให้ได้คับแต่ต้องรอนิดนึงนะพี่พอดีฝนตกรถเยอะมาก,0
ฮัลโหลแม่เออวันนี้ไม่กลับนะงานเยอะว่ะต้องเคลียร์บัญชีให้เสร็จเนี่ยเดี๋ยวพรุ่งนี้เช้าเข้าไปหาเตรียมกับข้าวไว้ให้ด้วยนะอยากกินแกงส้มเออๆแค่นี้นะแม่สวัสดีจ้ะ,0
สวัสดีครับติดต่อจากศูนย์บริการรถยนต์โตโยต้านะครับแจ้งเตือนกำหนดเช็คระยะรถทะเบียนสามกอไก่สี่หนึ่งสองครับครบกำหนดถ่ายน้ำมันเครื่องแล้วครับสะดวกนัดวันเข้ามาเลยมั้ยครับช่วงนี้มีโปรลดค่าแรงด้วยนะครับ,0
โหลแกได้ยินปะเออเน็ตมันกากว่ะอยู่บนเขาเนี่ยสัญญาณไม่ค่อยมีเออเรื่องงานเดี๋ยววันจันทร์ค่อยคุยได้ปะตอนนี้ไม่สะดวกเลยเสียงมันขาดๆหายๆว่ะแค่นี้นะ,0
ขอโทษนะคับอันนี้ใช่เบอร์ช่างแอร์มั้ยคับพอดีแอร์ที่บ้านน้ำหยดอ่ะคับอยากให้นัดคิวเข้ามาดูให้หน่อยคับหมู่บ้านพฤกษาซอยห้านะคับสะดวกเข้ามาบ่ายนี้เลยมั้ยคับร้อนมากเลย,0
สวัสดีค่ะโทรจากเอไอเอสไฟเบอร์นะคะแจ้งยอดค่าบริการรอบบิลเดือนที่ผ่านมาค้างชำระอยู่แปดร้อยเก้าสิบเก้าบาทนะคะกำหนดจ่ายภายในวันที่ยี่สิบนี้ค่ะถ้าจ่ายแล้วต้องขออภัยด้วยนะคะขอบคุณค่ะ,0
ฮัลโหลตัวเองเค้าเลิกงานแล้วนะมารับหน่อยดิรออยู่หน้าตึกเดิมนะรีบมานะหิวข้าวแล้วเนี่ยรถจะติดมั้ยเนี่ยดูแมพให้หน่อยถ้าติดมากเดี๋ยวเค้านั่งบีทีเอสไปเอง,0
คะรบกวนสอบถามหน่อยค่ะพอดีหนูเห็นประกาศขายแมวในเฟสบุ๊คอ่ะค่ะตัวสีขาวที่ลงไว้ยังอยู่มั้ยคะราคาลดได้อีกมั้ยคะพอดีสนใจอยากรับน้องมาเลี้ยงค่ะนัดดูตัวจริงได้แถวไหนคะ,0
ครับโหลครับได้ยินมั้ยครับเออไอ้ไฟล์เอ็กเซลที่ส่งมาเมื่อกี้มันเปิดไม่ได้ว่ะไฟล์มันเสียหรือเปล่ามึงลองเซฟแล้วส่งมาใหม่ทางไลน์ให้หน่อยดิรีบใช้นะเว้ยหัวหน้าตามแล้ว,0
สวัสดีครับผมพนักงานส่งพัสดุแฟลชครับพอดีหน้ากล่องเบอร์โทรไม่ชัดครับใช่บ้านเลขที่แปดทับสองมั้ยครับอ๋ออยู่ซอยถัดไปเหรอครับโอเคครับเดี๋ยวผมวนรถกลับไปส่งให้ครับรอแป๊บนึงนะครับ,0
ฮัลโหลพี่รปภใช่มั้ยครับพอดีผมลืมคีย์การ์ดไว้บนห้องอ่ะครับลงมารับของแล้วขึ้นไม่ได้พี่ช่วยเปิดประตูให้หน่อยได้มั้ยครับผมยืนอยู่หน้าล็อบบี้เนี่ยครับครับขอบคุณครับ,0
สอบถามคอร์สเรียนภาษาอังกฤษหน่อยคับพอดีอยากจะลงเรียนตัวต่อตัวคับราคาเท่าไหร่คับอาทิตย์ละสองวันตอนเย็นคับอ๋อต้องเข้าไปเทสต์ระดับภาษาก่อนใช่มั้ยคับโอเคคับเดี๋ยวพรุ่งนี้เข้าไปคับ,0
โหลสวัสดีครับพี่ชายผมน้องกายนะจำได้ปะที่เจอกันงานบวชไอ้ตั้มอ่ะเออพอดีจะชวนไปเตะบอลเย็นนี้ว่ะขาดคนนึงสนามหญ้าเทียมเลียบด่วนมาได้ปะเออๆชวนแฟนมาด้วยก็ได้มาเชียร์,0
ซาวัดดีคับเรียนสายคุนสมสักไช่มั้ยคับผมโทจากสุนบริการเคอหลี่นะคับพัดสะดุของคุนตกค้างที่สาขาคุนจะไห้ตีกับต้นทางเลยมั้ยคับหรือจะไห้ผมเข้าไปสงใหม่,0
โหลๆได้ยินปะเออเนี่ยกุอยู่ร้านเหล้าแล้วนะมึงถึงยังวะรีบมาดิเด๋วโต๊ะเต้มนะเว้ยสาวๆเพียบเลยรีบมาๆอย่าช้านะมึง,0
สะหวัดดีค่ะติดตอจากกรมสุนกากอนนะคะพัสดุหมายเลกทีเฮดเก้าสุนสองของคุณถูกอายัดเนื่องจากตรวจพบสิ่งผิดกดหมายกรุนาทามรายกานกดหนึ่งเพื่อฟังรายละเอียก,1
ฮัลโหลพี่คะขอโทดนะคะหนูสั่งแกร๊บไว้แต่หมุดมันปักผิดอะค่ะพี่ช่วยวนรถกับมาหน่อยได้มั้ยคะหนูยืนรออยู่หน้าเซเว่นเลยค่ะไช่ค่ะคันสีแดงอะค่ะ,0
สวัดดีครับคุนได้รับสิดสินเชือส่วนบุคคนดอกเบี้ยต่ำอนุมัดไวเพียงแค่คุนกดลิงก์ที่ส่งไปทางข้อความเพื่อลงทะเบียรรับเงินได้ทันทีนะคับไม่ต้องมีคนค้ำ,1
เออแม่เนี่ยหนูเลิกงานแล้วกำลังจะกับนะรถติดมากเลยฝนก็ตกด้วยแม่กินข้าวก่อนเลยไม่ต้องรอนะเด๋วหนูซื้อก๋วยเตี๋ยวเข้าไปกินเอง,0
แจ้งเตือนจากทะนาคานกสิกอนไทยบันชีของท่านมีการทำทุรักำผิดปะกติกรุนากดเก้าเพื่อติดต่อเจ้าน้าที่มิฉะนั้นบันชีของท่านจะถูกระงับภายไนนึ่งชั่วโมง,1
สอบถามหน่อยคับร้านเปิดกี่โมงคับพอดีผมจะเข้าไปดูรถหน่อยคับรุ่นซีวิคตัวใหม่อะคับมีรถไห้ลองขับมั้ยคับอ๋อต้องนัดล่วงหน้าเหรอคับโอเคคับ,0
โหลแกชั้นโอนเงินค่าหวยไห้แล้วนะเมื่อกี้อะเช็กยอดดูหน่อยว่าเข้ายังเออๆงวดนี้ขอไห้ถูกนะแกจะได้ไปเลี้ยงชาบูเบื่ออาหารตามสั่งแล้ว,0
สวัสดีค่ะโทจากติ๊กต็อกนะค่ะพอดีทางเรามีกิจกรรมไห้ร่วมสนุกแค่กดไลค์คลิปก็ได้เงินแล้วค่ะรายได้วันละสามร้อยถึงพันบาทสนใจสมัคมั้ยค่ะแอดไลมาคุยก่อนได้นะ,1
พี่ครับไฟแนนท์โทรมาทวงค่างวดรถอะพี่พี่จ่ายไปยังเนี่ยเขาบอกว่าค้ามาสองงวดแล้วนะพี่รีบเคลียนะเด๋วโดนยึดรถผมไม่มีรถไช้ทำงานนะพี่,0
นี่คือสํานักงานตํารวจแห่งชาติแจ้งว่าคุนมีใบสั่งจราจรค้างชําระหากไมนําจ่ายภายในวันนี้จะถุกดำเนินคดีตามกดหมายกดหนึ่งเพื่อฟังรายละเอียด,1
ฮัลโหลตัวเองเค้าลืมกุญแจห้องไว้ว่ะตัวเองรีบกับมาเปิดไห้หน่อยดิเค้านั่งรออยู่หน้าห้องเนี่ยยุงกัดเจ็บไปหมดแล้วรีบมานะ,0
คุนได้รับสิทเป็นผู้โชคดีได้รับทองคำมูลค่าห้าหมื่นบาทจากกิจกรรมฉลองคบรอบสิบปีเพียงแค่คุนโอนเงินภาษีนะที่จ่ายห้าเปอร์เซ็นต์มาไห้เราก่อนเพื่อยืนยันสิท,1
ขอโทดนะครับรบกวนเลื่อนรถไห้หน่อยครับพอดีรถพี่จอดขวางหน้าบ้านผมอะครับผมจะเอารถออกไปข้างนอกครับไช่ครับคันสีขาวเนี่ยครับขอบคุนครับ,0
ซาวัดดีคับทีนี่สถานีตัมรวดพูทอนคุนมีคดีฟอกเงินตองโอนเงินมาตวดสอบหมาจับออกแล้วคุนตองรุบดำเนินกาน,1
ฮัลโหลแม่กินขาวยังวันนี้กับดึกนะไม่ตองรอฝนตกหนักมากเสียงม่ายค่อยชัดเลยแค่นีนะแม,0
หารายได้เสริมกดหัวใจติ๊กตอกวันละพันแอดไลสมักฟรีไม่มีค่าใช้จ่ายทัมง่ายง่ายที่บาน,1
พี่คับเอกกะสานชุดนี้เซ็นตรงไหนผมหาไม่เจอไลส่งมาไห้ดูหน่อยภาพมันเบลออะพี่อ่านม่ายออกเลย,0
ดีเอสแอลพัดสะดุตกคางเชียงรายมีของผิดกดหมายพาสสปอดปอมกดเก้าคุยกับเจ้าหน้าทียืนยันตัวตน,1
เซเว่นคับไส้กอกหมดเอารสอื่นมั้ยคับฮัลโหลพี่ได้ยินปะสันยานหายพูดใหม่ไดไมคับไม่รุเรื่อง,0
สินเชื่อดอกเบี้ยต่ำกูง่ายไม่ตองค้ำอะนุมัดไวคลิ๊กลิงลงทะเบียนรับเงินเลยโปรโมชั่นพิเสด,1
เตงยุไหนมารับน่อยรถเสียยุหน้าปากซอยเร็วเร็วยุงกัดแบดจะหมดแล้วรีบมานะ,0
ไปรสะนีไทยมีจดหมายตีกับสานอายาคุนถูกฟ้องกดหนึ่งติดต่อทะนายฟังรายละเอียดด่วน,1
ขอสายคุนวิรัดอ่าวไม่ช่ายหรอโทดทีคับสงไสจำเบอผิดแค่นี้นะคับสวัดดีคับ,0
บันชีกะสิกอนถูกระงับมีการโอนเงินผิดปะกะติยืนยันตัวตนบอกเลขบัดประชาชนสิบสามลัก,1
แกร๊บคับถึงแล้วคับหมุดไม่ตรงพี่ออกมารับหน่อยหาบ้านไม่เจอซอยตันปะคับวนรถหลายรอบแล้ว,0
ฮัลโหลสนใจลงทุนหุ้นน้ำมันกำไรดีปันผลทุกอาทิดเริ่มต้นพันเดียวได้คืนแสนการันตียอด,1
โหลแกประชุมกี่โมงลืมแล้วห้องไหนนะส่งลิงซูมมาไห้ทีเน็ตกากมากเข้าไม่ได้หมุนติ้วติ้วเลย,0
ไอ้ชายกูเองรถชนยืมตังหน่อยสองหมื่นเดือดร้อนจิงโอนไห้บันชีเพื่อนกูนะรีบรีบตำรวดจะจับกูแล้ว,1
คุนได้รับสิดคืนพาสีสามพันบาทกดลิงกรอกข้อมูนภายในวันนี้ก่อนสิดเต็มกรมสันพากอน,1
ป้าคับก๋วยเตี๋ยวไม่ใส่ถั่วงอกถุงนึงพิเสดลูกชิ้นแยกน้ำเท่าไหรคับห้าสิบโอเคคับ,0
คุนผู้โชคดีได้รับรางวันทองคำมูลค่าห้าหมื่นชำระพาสีห้าเปอเซ็นโอนมาก่อนเพื่อรับของ,1
ฮัลโหลเทสเทสหนึ่งสองสามได้ยินไหมโอเคไมค์ใช้ได้เริ้มอัดเสียงประชุมวันนี้เรื่องงบประมาน,0
ระบบตรวจพบบันชีของท่านพัวพันยาเสพติดปปงจะทำการอายยัดกดศูนย์ติดต่อเจ้าหน้าที,1
นี่คือการทดสอบการทำงานของการรัดเสียงเพื่อการทดสอบการ Transcription ของการทำงานของโมเดลนี้โดยที่คำพูดเสียงนี้ เสียงฟางนี้นั้นจะมีความยาวมากกว่า 1 นาทีเพื่อที่จะทดสอบความสามารถในการรับเฟาส์เสียงขนาดยาว กว่า 30 วิ ได้และยาวกว่าเป็นขนาดใหญ่ได้และในฝ่าเสียงนี้ก็จะมีคำภาษาอังกฤษผสม อยู่ ด้วยเพราะถ้าเราต้องทดสอบเพื่อดูว่าเทคโนโลยีจะสามารถควบคุมมูลติลิงกัลtranscriptionที่ว่าจะมีการพูดทั้งภาษาอังกฤษภาษาไทยดังนั้นการพูดทั้งหมดนี้นั้นโมเดล ควรเอา ไปสามารถวิเคราะห์ต่างๆ ทำเรื่องต่างๆ ได้ทั้งหมดแล้วจากที่วิเคราะห์นี้นั้นเราจะนำไปใช้ต่อในการทำการวิเคราะห์,0
สวัสดีครับ วันนี้เป็นไงบ้างน้องก็ดีครับ แล้ววันนี้ได้ทำอะไรบ้างอ๋อ วันนี้ เอ่อก็ วันนี้ ได้ พิง อะได้วิ่งหรอ ได้ไปวิ่งที่ไหนก็ไปวิ่งรอบอ่างน้ำ มะอัว ครับโอ้ ขี้ดีมาก ๆ เอ่อ คนออกกำลังกายบ้างนะ อย่าลืมแต่ว่าอย่าลืมพักอย่าลืมนอนอะไรด้วยนะทำงานให้ดีนะ โอเคครับ แล้วตอนนี้ตัวเองกำลังทำอะไรอยู่อ๋อ ตอนนี้แค่นอนอยู่บนเตียงครับไม่ได้ทำอะไรมากโอเค โอเค โอเคดังนั้น เออ พักษ์ พักษ์ดีดี เนาะ อย่าลืมทำงานทำการบ้านอะไรให้หมดนะฮะอ้อ อ้อ ลืมบอก เดี๋ยวพรุ่งนี้ผมมีสอบด้วยโอเค งั้นขอโชคดีนะ อ่านดีๆ พักดีๆ ด้วยนะ อย่าลืมเอ่อ ทำงานทำทุกอย่างนะ โอเคอีนะครับ สวัสดีครับพ่อ,0
"สวัสดีครับคุณลูกค้า ผมโทรมาจากธนาคารกรุงเทพครับ ตอนนี้บัตรเครดิตของคุณมีรายการผิดปกติ มีการใช้จ่ายที่ห้างในสิงคโปร์ จำนวน 50000 บาท ถ้าไม่ใช่คุณทำรายการ กรุณากด 1 เพื่อพูดคับเจ้าหน้าที่ หรือกด 2 เพื่อยืนยันรายการ",1
"สวัสดีค่ะ นี่คุณสมชายใช่ไหมคะ ดิฉันโทรมาจากโรงพยาบาลรามาธิบดีค่ะ มาแจ้งว่าผลเลือดของคุณออกมาแล้ว คุณหมอให้นัดมาตรวจเพิ่มเติมวันพฤหัสหน้านะคะ เวลา 10 โมงเช้า ห้องตรวจ 305 ค่ะ",0
"สวัสครับ ผมจาก กรมสรรพากร คครับ ตอนนี้คุณมีภาษีค้างจำนวน250000บาท ถ้าไม่ชำระภาย3วัน จะมีหมายจับออกครับ กรุณาโอนเงินไปบัญชีที่จะแจ้งให้",1
"ครับคุณลูกค้า เบอร์โทรศัพท์ของคุณได้รับการคัดเลือกจากทรูมูฟให้ได้รับรางวัลโทรศัพท์ไอโฟนรุ่นล่าสุดฟรี แค่คุณต้องชำระค่าธรรมเนียมการจัดส่ง 2500 บาท กรุณาโอนมาที่บัญชี พรอมเพย 0812345678 ภายในวันนี้นะครับ ไม่งั้นของรางวัลจะไปให้ลำดับถัดไป",1
"hello คุณพี่ค่ะ นี่น้องแพรวใช่ไหมคะ พี่จำน้องได้ไหม เราเคยเจอกันที่งานเลี้ยงเพื่อนไงคะ ตอนนี้น้องอยู่ที่สน.ตำรวจค่ะ มีปัญหานิดหน่อย ช่วยโอนเงินมา 50000 บาทได้ไหมคะ น้องจะคืนพรุ่งนี้เลยค่ะ",1
"สวัสดีครับ ผมชื่อนพดล โทรมาจากบริษัทประกันภัยกรุงเทพครับ ตามที่คุณได้สอบถามเรื่องประกันรถยนต์ไว้ตอนมางานมอเตอร์โชว์ ผมขอแจ้งว่าเรามีโปรโมชั่นพิเศษในเดือนนี้ครับ ลด 20 เปอร์เซ็นต์สำหรับลูกค้าใหม่ คุณสะดวกให้ผมนัดไปรายละเอียดที่บ้านวันไหนดีครับ",0
"สวัสคะ คุณสมหญิงใช่ไหมนี่จากไปษณีย์ไทยมีพัสดุจากต่างประเทศค้างที่ศุลกากรค่ะ ต้องชำระค่าภาษีเพิ่ม8000บาทโอนไปยอดกว่าเงินจะถูกทำลายคะ บัญชีที่แจ้งคือชื่อประทีปสันนิคมเลขที่123-4-56789-0",1
"ครับผมเป็นเจ้าหน้าที่จาก ทีโอที ครับ เรามีแพ็คเก็จอินเทอร์เน็ตใหม่ ความเร็ว 1 กิกะบิต ราคาพิเศษ 599 บาทต่อเดือน รวมโทรฟรีทุกเครือข่ายด้วยครับ สนใจไหมครับ",0
"คุณวิชัย ใช่มั้ยครับ ผมโทรมาจากกองปราบปรามครับ ตอนนี้บัญชีธนาคารของคุณถูกใช้เป็นบัญชีมิวล์ในเครือข่ายยาเสพติดข้ามชาติ เราต้องอายัดบัญชีของคุณทั้งหมดภายใน 24 ชั่วโมง ถ้าคุณต้องการพิสูจน์ตัวเองว่าไม่เกี่ยวข้อง กรุณาโอนเงินทั้งหมดในบัญชีมาที่บัญชีปลอดภัยของทางการชั่วคราว ผมจะส่งหมายเลขบัญชีให้นะครับ บัญชีนี้เป็นของกระทรวงการคลังโดยตรง แต่ห้ามบอกใครเด็ดขาด นี่เป็นความลับของการสืบสวนครับ",1
"heloค่ะนี่คุณอนุชาใช่ม้ยคะดิฉันโทรมาจากเคาน์เตอร์เซอร์วิสธนาคารกสิกรไทยคะอยากแจ้งว่าบัตรเอทีเอ็มของคุณจะหมดอายุแล้วนะคะต้องอัพเดทข้อมูลใหม่ค่ะกรุณาบอกหมายเลขบัตร16หลักกับรหัสหลังบัตร3หลักด้วยคะ",1
"สวัสดีครับคุณแม่ ผมโทรมาจากโรงเรียนมัธยมวัดโบสถ์ครับ เรื่องค่าเทอมของน้องภัทรครับ ตอนนี้ค้างอยู่ 2 เดือน รวม 8000 บาทครับ รบกวนชำระภายในสัปดาห์นี้นะครับ ไม่งั้นน้องอาจจะสอบปลายภาคไม่ได้ครับ",0
"ครับคุณภูริ ผมเป็นพนักงานจากศูนย์รับแจ้งอุบัติเหตุของกรมธรรม์ประกันชีวิตครับ ตอนนี้คุณแม่ของคุณเกิดอุบัติเหตุร้ายแรง ตกบันไดที่ห้างสรรพสินค้า กำลังรักษาตัวอยู่ที่โรงพยาบาลเซนต์หลุยส์ แต่ต้องผ่าตัดฉุกเฉิน ค่าใช้จ่าย 350000 บาท ประกันจ่ายได้แค่ 200000 อีก 150000 ต้องจ่ายเองก่อนครับ ไม่งั้นโรงพยาบาลไม่ให้ผ่าตัด รีบโอนมาที่บัญชี ออมสิน 010-2-12345-6 ชื่อบัญชีคุณหมอสมพงษ์ นะครับ ด่วนมากครับ",1
"สวัสดีค่ะคุณลูกค้า นี่จากทีมงาน Lazada ค่ะ คุณได้สั่งซื้อ iPhone 15 Pro Max ไปเมื่อวานนี้ใช่ไหมคะ ยอดชำระ 45900 บาท แต่ระบบขัดข้อง ตัดเงินซ้ำไป 2 ครั้ง เป็น 91800 บาท ขอโทษด้วยนะคะ ให้ทางทีมการเงินคืนเงินให้ค่ะ รบกวนแจ้งเลขบัญชีที่ต้องการให้โอนคืนด้วยนะคะ พร้อมชื่อบัญชีเต็มตามบัตรประชาชนค่ะ",1
"helo ครับนี่คุณสมศักดิ์รึเปล่าครับผมโทรมาจากบริษัทไฟแนนซ์อยุธยาครับเรามีสินเชื่อส่วนบุคคลดอกเบี้ยต่ำพิเศษแค่0.5เปอร์เซ็นต์ต่อเดือนครับอนุมัติง่ายไม่ต้องใช้หลักประกันโอนเงินให้ในวันเดียวครับสนใจไหมครับ",0
"คุณดาราใช่ไหมคะ ดิฉันพนักงานสอบสวนจาก ศูนย์ป้องกันการหลอกลวงแห่งชาติ เบอร์โทรศัพท์ของคุณถูกใช้ในการโกงออนไลน์ จำนวนเงิน 50 ล้านบาท ตอนนี้มีหมายจับออกแล้ว ถ้าคุณไม่เกี่ยวข้อง ต้องพิสูจน์ตัวตนด้วยการโอนเงินทั้งหมดในบัญชีมาเก็บรักษาไว้กับทางราชการก่อน แล้วเราจะคืนให้ภายใน 30 วัน หลังคดีปิด ถ้าไม่ทำตามจะมีตำรวจไปจับที่บ้านภายในวันนี้ค่ะ",1
"sawatdee krub khun ann chai mai krub pom telephone ma jaak dtua taen jaak krueng thep krub mee special offer samrap khun thee travel bpai singkhapo bpai glup rawm hotel 5 dao 4 khuen raakha tao nan 9900 baht thao nan krub nai raakha dtua bin lae hotel duay krub yok wen wan thee mee thee nang mai neuay krub",0
"สวัสดีครับผมโทรมาจาก สำนักงานตรวจคนเข้าเมือง ครับ คุณมีคนต่างชาติใช้ชื่อคุณทำเรื่องขอวีซ่าแรงงานผิดกฎหมาย ตอนนี้ถูกจับแล้วที่ด่านชายแดงแม่สาย พบว่ามีบัตรประชาชนปลอมที่เป็นชื่อคุณ ตอนนี้คุณติดดำเนินคดีไปด้วย ต้องมาชี้แจงด้วยตัวเองที่สำนักงาน หรือจะจ่ายค่าปรับแทนก็ได้ 75000 บาท แล้วเราจะถอนฟ้องให้ครับ",1
"สวัสดีค่ะนี่คุณมานีใช่ไหมคะดิฉันโทรมาจากห้างเซ็นทรัลลาดพร้าวคะคุณลืมกระเป๋าสตางค์ไว้ที่ร้านUniqloค่ะมีบัตรประชาชนอยู่ข้างในด้วยรบกวนขอรหัสหลังบัตรเพื่อยืนยันตัวตนก่อนคืนกระเป๋าให้คะ",1
"hello ครับคุณเจษฎา ผมจากแผนกบริการลูกค้า AIS ครับ โทรมาแจ้งว่าโปรโมชั่นปัจจุบันของคุณจะหมดอายุแล้ว เดือนหน้าค่าบริการจะเพิ่มขึ้นเป็น 899 บาท ถ้าคุณต้องการต่ออายุโปรโมชั่นเดิมในราคา 599 รบกวนกดดาว 1 เพื่อพูดกับเจ้าหน้าที่นะครับ",0
"คุณสมบัติครับ ผมเป็นเจ้าหน้าที่จากธนาคารไทยพาณิชย์ครับ ตอนนี้บัญชีของคุณถูกแฮกครับ มีคนพยายามโอนเงินออกไป 250000 บาท เราระงับการทำรายการไว้แล้ว แต่เพื่อความปลอดภัย คุณต้องโอนเงินทั้งหมดในบัญชีไปที่บัญชีปลอดภัยของธนาคารก่อน ผมจะส่งเลขบัญชีให้ทาง SMS นะครับ อย่าลืมรีบโอนภายใน 2 ชั่วโมง ไม่งั้นเงินจะหายหมดครับ และอีกอย่างครับ ห้ามปิดเครื่องโทรศัพท์ ต้องสายติดต่อกับผมตลอดจนกว่าจะโอนเงินเสร็จ เพื่อป้องกันแฮกเกอร์ครับ",1
"สวัสดีค่ะ คุณพรทิพย์ใช่ไหมคะ ดิฉัน ผู้ช่วยหมอจากคลินิกรังสิต ดิฉันโทรมาเพื่อเลื่อนนัดตรวจฟันวันพุธหน้าค่ะ เนื่องจากหมอติดธุระ ขอนัดใหม่เป็นวันศุกร์ เวลา 14.00 น. แทนได้ไหมคะ",0
"khun somchai chai mai krub phom telephone ma jaakkonggrabsupkarnkrubdtawn neemeekonrongrueanwapookaisongaahaanpenkhunlaemaiyomjaingenkrubkongrobguanwameereuangneeruebplaokrubthaameejingdtongjaingenkaasongduaynakrubyangnanpoosongyangrongrueandtauklongwajarongdtamruatkrub",0
"สวัสดีครับ ผมโทรจากธนาคารกรุงศรีอยุธยาครับ อยากแจ้งให้ทราบว่าบัตรเครดิตของคุณถูกใช้ซื้อสินค้าออนไลน์จากเว็บไซต์ต่างประเทศ จำนวน 3 รายการ รวมเป็นเงิน 127450 บาท ถ้าไม่ใช่คุณทำรายการ ให้โทรกลับมาที่หมายเลข 02-123-4567 ภายใน 24 ชั่วโมงเพื่อยกเลิกรายการและเปลี่ยนบัตรใหม่ครับ ขอบคุณครับ",1
"สวัส คุณ ศิริ ผม จาก กรม โทร ครับ ตอนนี้ คุณ ภาษี ค้าง ถ้า ไม่ 5 วัน จะ หมาย ออก ต้อง ชำระ บัญชี ผม จะ ส่ง ให้ ทาง เอสเอ็ม กรุณา ภายใน วันนี้ ครับ จำนวน 180000 บาท",1
"helo นี่ คุณ อนันต์ ช่วย ผม เป็น จาก ธนา คาร ไทย นะ ครับ บัญชี ของ คุณ ถูก มี คน โอน ออก ไป ตอน เรา ระงับ ไว้ แล้ว แต่ ปลอด ต้อง โอน ไป ที่ ของ ธนาคาร ก่อน ผม จะ ให้ ทาง LINE ครับ รีบ ภายใน 1 ชั่วโมง ไม่ งั้น เงิน จะ หาย",1
"ครับ คุณ ประภา โทร มา อุบัติเหตุ insurance ครับ ตอนนี้ ลูกชาย ของ คุณ รถ ชน ที่ บาง รักษา ตัว ที่ รพ แต่ ต้อง ตัด ฉุกเฉิน ค่า 280000 บาท ประกัน จ่าย ได้ 150000 อีก ต้อง เอง ก่อน ครับ โรง ไม่ ให้ โอน มา ที่ ออม 020-3-98765-4 ชื่อ คุณ หมอ สุรชัย ครับ ด่วน มาก",1
"sawatdee ka khun mana telephone jaak haang central ja naa ka khun glap sada wat thee raan H&M ka mee bat bra cha chon yuu duay rob guan raha lang bat phuea yan dton tha gon kuen glap hai ka",1
"คุณ วีระ ใช่ ครับ ผม จาก ป้องกัน หลอก ลวง แห่ง ชาติ ครับ เบอร์ ของ คุณ ถูก ใน การ ออนไลน์ เงิน 80 ล้าน บาท มี หมาย จับ แล้ว ถ้า ไม่ ต้อง พิสูจน์ ตัว ตน โอน เงิน ใน บัญชี มา เก็บ ไว้ กับ ทาง ก่อน เรา คืน ให้ 45 วัน คดี ปิด ไม่ ทำ ตาม จะ มี ไป จับ ที่ วัน นี้",1
"ค่ะ นี่ คุณ สุดา phone มา จาก กระทรวง คะ อยาก แจ้ง ว่า บัตร ชน ของ คุณ ถูก ทำ ปลอม โดย ชาว จีน นำ ไป ใช้ เปิด บัญชี ธนาคาร ฟอก เงิน ตอน คุณ ติด คดี ไป ด้วย ค่ะ ต้อง มา ชี้ ที่ กระทรวง หรือ จ่าย ค่า ปรับ 95000 แทน ได้ เรา จะ ฟ้อง ให้ คะ โอน มา ที่ ธ กส 01-234-5678-90 นะ",1
"สวัส ค่ะ คุณ telephone Lazada ค่ะ คุณ ได้ ซื้อ แล็ป ท็อป เมื่อ เวีย ยอด 68000 บาท แต่ ระบบ ตัด ซ้ำ ไป 3 ครั้ง 204000 บาท ขอ โทษ นะ ให้ ทีม คืน ให้ ค่ะ รบกวน แจ้ง เลข ที่ ต้อง การ โอน คืน นะ คะ พร้อม ชื่อ เต็ม ตาม บัตร ชน ค่ะ",1
"ครับ telephone มา แผนก บริการ DTAC ครับ โทร มา แจ้ง ว่า promotion ของ คุณ จะ หมด อายุ เดือน หน้า ค่า บริการ จะ เพิ่ม ขึ้น 999 บาท ถ้า ต้อง การ ต่อ อายุ เดิม ใน ราคา 699 รบกวน กด ดาว 1 พูด กับ เจ้า หน้า ที่ นะ ครับ",0
"สวัสดี ค่ะ คุณ รัตน์ phone จาก รพ บำรุง ราษฎร์ มา แจ้ง ว่า ผล เลือด ของ คุณ ออก มา คุณ หมอ ให้ นัด มา ตรวจ เพิ่ม เติม วัน จันทร์ หน้า นะ คะ เวลา 2 ทุ่ม ห้อง ตรวจ 508 คะ",0
"ค่ะ คุณ นภา ใช่ โทร มา ศูนย์ รับ แจ้ง accident AXA insurance ค่ะ ตอน นี้ สามี ของ ค่ะ เกิด อุบัติเหตุ จาก รถ ที่ ถนน พระราม 9 กำลัง รักษา ตัว รพ สมิติเวช แต่ ต้อง ตัด ฉุกเฉิน ค่า 450000 บาท ประกัน จ่าย ได้ แค่ 200000 อีก 250000 ต้อง เอง ก่อน ค่ะ ไม่ งั้น รพ ไม่ ให้ ผ่า โอน มา ที่ กรุง ไทย ชื่อ คุณ หมอ วิชัย นะ คะ ด่วน มาก ค่ะ",1
"ครับ นี่ คุณ ธนพล phone กรุง เทพ ครับ ตอนนี้ บัตร เครดิต ของ คุณ มี รายการ ปกติ มี การ จ่าย ที่ ห้าง ใน คโปร์ จำนวน 75000 ถ้า ไม่ ใช่ คุณ ทำ รายการ กรุณา กด 1 เพื่อ พูด กับ เจ้า หน้า ที่ หรือ กด 2 ยืนยัน รายการ",1
"คุณ สมศรี phone ไปรษณีย์ มี พัสดุ จาก ประเทศ ค้าง ศุล กากร ค่ะ ต้อง ชำระ ภาษี เพิ่ม 12500 โอน ไป กว่า จะ ทำลาย คะ บัญชี ที่ แจ้ง คือ นาย สมบัติ วงศ์ ชัย เลข 098-7-65432-1 ค่ะ",1
"krub telephone jaak bor ri sat bpra gun ชื่อ ครับ dtaam thee khun dai sob tham reuang bpra gun rot yon wai dton maa ngan motor show pom kao jaaeng wa rao mee promotion phi set nai dueuan nee krub lot 25 percent sam rap luuk kaa mai khun sa duak hai pom nat bpai raai la iat thee baan wan nai dee",0
"สวัส ค่ะ นี่ มา จาก สำนัก งาน สรรพากร ค่ะ คุณ มี เงิน ได้ ย้อนหลัง ที่ ไม่ ได้ เสีย ภาษี ค่ะ รวม 5 ปี เป็น 420000 บาท ถ้า ไม่ ชำระ ภายใน 48 ชั่วโมง จะ มี การ ยึด ทรัพย์ และ ออก หมาย ค่ะ กรุณา โอน มา ที่ บัญชี ที่ เจ้า หน้า ที่ จะ ไลน์ ให้ นะ คะ อย่า บอก ใคร เด็ดขาด เพราะ นี่ เป็น ความ ลับ ของ การ สืบสวน ภาษี ค่ะ",1
"ค่ะ คุณ วิไล phone True มูฟ มี แพค เก็จ internet ใหม่ ค่ะ ความ เร็ว 500 เมกะ บิต ราคา 799 บาท ต่อ เดือน รวม โทร ฟรี ทุก เครือข่าย ด้วย ค่ะ สน ใจ ไหม คะ",0
"telephone ครับ คุณ วัชระ ผม จาก กอง ปราบ ปราม ครับ ตอนนี้ ชื่อ ของ คุณ ถูก ใช้ ใน การ ค้า มนุษย์ ข้าม ชาติ เรา ต้อง อา ยัด บัญชี ของ คุณ ทั้ง หมด ภายใน 12 ถ้า คุณ ต้อง การ พิสูจน์ ว่า ไม่ เกี่ยว กรุณา โอน เงิน ทั้งหมด ใน บัญชี มา ที่ ของ ปลอดภัย ของ ทาง ผม ส่ง หมาย เลข ให้ นะ ครับ บัญชี นี้ ของ กระทรวง การ คลัง โดยตรง แต่ ห้าม บอก ใคร นี่ ความ ลับ ของ สืบสวน ครับ",1
"helo พี่ นี่ น้อง มิ้นต์ วัน นี้ กลับ บ้าน สาย นะ คะ ต้อง ทำ โปรเจค กับ เพื่อน ที่ คณะ ค่ะ ประมาณ 3 ทุ่ม ถึง บ้าน พี่ ช่วย บอก แม่ ด้วย อย่า ต้ม ข้าว รอ กิน เย็น แล้ว ค่ะ",0
"ครับ คุณ สมชาย นี่ พี่ เอก จาก แผนก HR โทร มา เรื่อง วัน ลา ของ คุณ เดือน นี้ ครับ เหลือ อีก 2 วัน ถ้า ไม่ ใช้ จะ หมด อายุ สิ้น เดือน นะ ครับ อยาก แจ้ง ให้ ทราบ ครับ",0
"แม่ ลูก อยู่ ที่ โลตัส ตอน นี้ แม่ ให้ ซื้อ อะไร เพิ่ม ไหม ครับ เห็น มี ปลา แซล มอน ลด ราคา อยู่ เอา ไหม ครับ แล้ว นม ยี่ห้อ ไหน ดี ครับ แม่ หมด แล้ว ใช่ ไหม",0
"พี่ วัน เสาร์ นี้ ไป เที่ยว ทะเล กัน ไหม ครับ ผม จอง รีสอร์ท ที่ หัวหิน ไว้ แล้ว 2 ห้อง เช็ค อิน วัน ศุกร์ เย็น ออก วัน อาทิตย์ เที่ยง ไป กัน มั้ย พอดี ดิว กับ ปุ้ม เค้า ไป ด้วย ครับ",0
"ค่ะ คุณ อรุณ telephone ร้าน ซ่อม มือถือ มา บอก ว่า เครื่อง ของ คุณ ซ่อม เสร็จ แล้ว นะ คะ เปลี่ยน จอ กับ แบต เตอรี่ ใหม่ รวม ค่า แรง 4500 บาท ค่ะ มา รับ ได้ เลย วัน นี้ ถึง 3 ทุ่ม เปิด อยู่ คะ",0
"แม่ ค่ะ วัน นี้ หนู กลับ ไป กิน ข้าว ที่ บ้าน ย่า นะ คะ ย่า ชวน ไป หนู บอก แม่ แล้ว นะ คะ พรุ่ง นี้ ค่อย กลับ บ้าน เรา ตอน เย็น คะ ขอ โทษ ที่ บอก เดี๋ยว นี้ นะ",0
"ครับ คุณ ประเสริฐ นี่ คุณ สมศักดิ์ เพื่อน ร่วม งาน โทร มา ถาม เรื่อง ไฟล์ presentation วาน นี้ ครับ ส่ง ให้ ทาง email แล้ว ได้ ไหม ครับ พรุ่ง นี้ ต้อง นำ เสนอ ลูกค้า ครับ ขอบคุณ ครับ",0
"พี่ เมื่อ กี้ โอน เงิน ให้ แล้ว นะ ครับ 5000 บาท ตาม ที่ พี่ ขอ ยืม ไว้ เช็ค ดู ครับ ธนาคาร กสิกร ไทย ครับ ถ้า ไม่ เข้า บอก ผม ครับ จะ ส่ง สลิป ให้ ครับ",0
"ครับ telephone ร้าน ซัก รีด เสร็จ แล้ว ครับ ชุด สูท 3 ตัว กับ เสื้อ เชิ้ต 5 ตัว รวม 850 บาท ครับ มา รับ ได้ ตั้งแต่ บ่าย โมง เป็น ต้น ไป ครับ เปิด ถึง 2 ทุ่ม ครับ",0
"nong ออย phone วัน นี้ เลิก เรียน แล้ว ให้ พี่ ไป รับ ไหม หรือ จะ กลับ กับ แม่ เพื่อน ดี กว่า พี่ ติด ธุระ ตอน บ่าย นิด หน่อย แต่ ถ้า ต้อง การ ให้ รับ บอก นะ พี่ จัด การ ได้",0
"ครับ คุณ นิด โทร จาก โชว์ รูม ฮอนด้า ครับ รถ ที่ สั่ง ไว้ มา ถึง แล้ว ครับ Honda City สี ขาว มุก ครับ มา รับ ได้ เลย ครับ เอกสาร เตรียม มา ด้วย นะ ครับ สำเนา บัตร ประชาชน ทะเบียน บ้าน ครับ",0
"แม่ ค่ะ พรุ่ง นี้ โรง เรียน ให้ เด็ก แต่ง ชุด ไทย นะ คะ ครู ให้ ไป ทำ บุญ ที่ วัด ตอน เช้า หนู ใส่ ชุด ไทย ตัว ไหน ดี คะ ตัว สี ฟ้า หรือ สี ชมพู คะ แล้ว ต้อง เตรียม อะไร เพิ่ม ไหม คะ",0
"พี่ วัน นี้ ทาน ข้าว เย็น กัน ไหม ครับ ผม อยาก ลอง ร้าน ญี่ปุ่น ใหม่ ที่ เปิด ที่ เซ็นทรัล เวิลด์ เพื่อน ผม บอก ว่า อร่อย มาก ราคา ไม่ แพง ด้วย ประมาณ คน ละ 500 กว่า พอ ไหม ครับ จอง โต๊ะ 3 ทุ่ม ได้ ไหม",0
"ครับ พ่อ ครับ วัน นี้ ผม ต้อง ทำ งาน ล่วง เวลา นะ ครับ หัวหน้า ให้ ทำ รายงาน ส่ง ด่วน พรุ่ง นี้ เช้า ครับ กลับ ดึก หน่อย ครับ ประมาณ 4 ทุ่ม กว่า ครับ พ่อ ช่วย เก็บ ข้าว ไว้ ให้ ผม กิน ตอน กลับ ด้วย ครับ",0
"แม่ ครับ ผม ไป ตลาด นัด หมอ ชิต กับ เพื่อน วัน เสาร์ นี้ นะ ครับ เช้า ตรู่ ไป เลย ครับ ประมาณ 5 โมง เช้า ตื่น ครับ จะ กลับ บ้าน ตอน เที่ยง กว่า ครับ แม่ ไม่ ต้อง ทำ อา หาร เช้า ให้ ครับ ผม ไป กิน ที่ นั่น",0
"ค่ะ นี่ คุณ ฝน ใช่ ไหม คะ telephone ร้าน เบ เกอ รี่ sweet house มา บอก ว่า เค้ก วัน เกิด ที่ สั่ง ไว้ ทำ เสร็จ แล้ว นะ คะ มา รับ ได้ ตั้งแต่ บ่าย 2 เป็น ต้น ไป คะ ต้อง เก็บ ใน ตู้ เย็น ภายใน 4 ชั่วโมง นะ คะ ไม่ งั้น ครีม จะ เสีย คะ",0
"ครับ คุณ สุนทร โทร จาก บริษัท ทัวร์ amazing thailand ครับ เรื่อง แพ็ค เก็จ ทัวร์ เชียงใหม่ 3 วัน 2 คืน ที่ สอบถาม ไว้ ครับ ราคา ออก มา แล้ว ครับ ท่าน ละ 8900 บาท รวม ตั๋ว เครื่อง บิน โรง แรม อา หาร กับ ค่า เข้า ชม ทุก ที่ ครับ สน ใจ ไหม ครับ",0
"สวัสดีครับคุณวิชัย ผมเจมส์จากบริษัท เอไอเอ ประกันชีวิตครับ โทรมาตามนัดที่คุยกันไว้เมื่ออาทิตย์ก่อนครับ เรื่องแผนประกันสะสมทรัพย์ที่คุณสนใจ ตอนนี้ผมเตรียมใบเสนอราคามาให้แล้วครับ ผมสะดวกนัดไปพบที่ออฟฟิศคุณวันพฤหัสหน้าได้ไหมครับ ช่วงบ่าย 2 โมงกว่าพอดีไหมครับ",0
"แม่ค่ะ หนูถึงสนามบินแล้วนะคะ เครื่องบินล่าช้าไปนิดหน่อย ประมาณครึ่งชั่วโมงค่ะ คาดว่าจะขึ้นเครื่องประมาณ 4 โมงเย็นค่ะ พอถึงเชียงใหม่จะโทรหาแม่อีกทีนะคะ อากาศที่กรุงเทพวันนี้ร้อนมากเลยค่ะ",0
"พี่ครับ เมื่อกี้ผมลองโทรหาพี่แต่ไม่รับเลยครับ ผมอยากจะถามว่างานพรุ่งนี้เลื่อนเป็นวันศุกร์แทนได้ไหมครับ พอดีลูกค้าเค้าขอเปลี่ยนนัดกะทันหัน ผมเลยต้องไปพบลูกค้าพรุ่งนี้แทนครับ ถ้าพี่ไม่สะดวกก็ไม่เป็นไรนะครับ ผมหาคนอื่นช่วยแทนได้ครับ",0
"helo คุณ สมศักดิ์ ผม อนุชา จาก แผนก การตลาด ครับ โทร มาถาม ว่า presentation ที่ส่ง ไป เมื่อ วาน ได้ รับ แล้ว หรือ ยัง ครับ ถ้า ยัง ไม่ได้ รับ ผม จะ ส่ง ใหม่ อีก รอบ ครับ หรือ ถ้า มี ส่วน ไหน ต้องการ แก้ไข บอก ผม ได้ เลย นะ ครับ deadline ส่ง ลูกค้า วัน ศุกร์ เช้า ครับ",0
"ค่ะคุณลูกค้า ดิฉันโทรมาจากศูนย์บริการลูกค้า ทรู มูฟ เอช ค่ะ มาแจ้งเรื่องโปรโมชั่นพิเศษสำหรับลูกค้าเก่าที่ใช้บริการกับเรามานานกว่า 5 ปีค่ะ คุณจะได้รับส่วนลด 30 เปอร์เซ็นต์สำหรับแพ็กเกจรายเดือนถ้าต่ออายุสัญญา 2 ปีค่ะ โปรโมชั่นนี้มีถึงสิ้นเดือนนี้เท่านั้นนะคะ สนใจไหมคะให้ดิฉันส่งรายละเอียดทาง SMS ให้คะ",0
"พ่อครับ วันนี้ผมต้องไปรับรถที่อู่นะครับ ช่างบอกว่าซ่อมเสร็จแล้ว เปลี่ยนผ้าเบรกหน้าหลังกับดุมหน้า รวมค่าแรงประมาณ 8500 บาทครับ พ่อโอนเงินมาให้ผมหน่อยได้ไหมครับ พอดีตอนนี้มีเงินไม่พอครับ ผมจะคืนพ่อพรุ่งนี้เลยครับพอเงินเดือนออก",0
"สวัสดี ค่ะ คุณ ประทีป โทร จาก ร้าน แว่น ท็อป เจริญ ค่ะ แว่น สายตา ที่ สั่ง ทำ มา ถึง แล้ว นะ คะ เลนส์ แบบ progressive กรอบ titanium สี ดำ ตาม ที่ เลือก ไว้ ค่ะ มา ลอง ใส่ ดู ได้ ตั้งแต่ พรุ่งนี้ เป็นต้นไป ค่ะ ถ้า ไม่ พอใจ สามารถ ปรับแต่ง ได้ ฟรี นะ คะ",0
"น้องครับ พี่โทรมาบอกว่าพรุ่งนี้มีประชุมใหญ่กับลูกค้าญี่ปุ่นนะครับ ให้ทุกคนแต่งตัวเป็นทางการด้วย ใส่สูทเนคไทครับ ประชุมเริ่มตอน 9 โมงเช้าตรงที่ห้องประชุมชั้น 12 ครับ ฝากน้องช่วยเตรียม PowerPoint กับเอกสาร handout สำหรับ 15 คนมาด้วยนะครับ ขอบคุณครับ",0
"ครับคุณอนุสรณ์ ผมโทรมาจากโรงพยาบาลบำรุงราษฎร์ครับ เรื่องนัดตรวจสุขภาพประจำปีที่คุณจองไว้ครับ วันที่ 25 มกราคม เวลา 7 โมงเช้า ตรวจสุขภาพแบบ executive check-up ครับ รบกวนงดน้ำงดอาหารตั้งแต่เที่ยงคืนนะครับ แล้วเอาบัตรประกันสุขภาพมาด้วยครับ ถ้ามีคำถามอะไรโทรสอบถามได้ที่หมายเลข 02-xxx-xxxx ครับ",0
"ค่ะคุณสมบูรณ์ ดิฉันเป็นพนักงานจากธนาคารกรุงเทพค่ะ มาติดตามเรื่องสินเชื่อบ้านที่คุณยื่นสมัครไว้เมื่ออาทิตย์ก่อนค่ะ ตอนนี้ธนาคารอนุมัติแล้วค่ะ วงเงิน 3.5 ล้านบาท ระยะเวลา 30 ปี อัตราดอกเบี้ย 3.99 เปอร์เซ็นต์ต่อปีในช่วง 3 ปีแรก หลังจากนั้นเป็น MRR ลบ 1.5 เปอร์เซ็นต์ค่ะ รบกวนมาติดต่อที่สาขาเพื่อทำสัญญาได้เลยนะคะ",0
"แม่ครับ พรุ่งนี้ผมต้องส่งเอกสารที่มหาวิทยาลัยนะครับ ให้แม่ช่วยไปถ่ายสำเนาทะเบียนบ้านกับบัตรประชาชนของพ่อแม่ให้ผมหน่อยได้ไหมครับ อย่างละ 2 ชุดครับ แล้วก็ไปที่ธนาคารแวะเซ็นรับรองสำเนาถูกต้องด้วยนะครับ ผมจะไปรับเอกสารตอนเย็นนี้พอกลับจากทำงานครับ ขอบคุณครับแม่",0
"พี่ครับผมต้องขอโทษด้วยนะครับ วันเสาร์นี้ผมไปงานเลี้ยงกับพี่ไม่ได้แล้วครับ พอดีบริษัทมีงานฉุกเฉินที่ต้องส่งมอบลูกค้าวันจันทร์ หัวหน้าให้ทีมมาทำงานวันหยุดครับ ขอโทษจริงๆนะครับที่บอกกะทันหัน ของขวัญวันเกิดพี่ผมฝากไว้กับน้องเบียร์แล้วนะครับ ให้เค้ามอบให้พี่แทนผมครับ สุขสันต์วันเกิดล่วงหน้านะครับพี่",0
"ค่ะ นี่ คุณ วรรณา telephone ร้าน ดอกไม้ bloom & petals มา แจ้ง ว่า ช่อ ดอกไม้ ที่ สั่ง ส่ง ถึง ผู้รับ เรียบร้อย แล้ว นะ คะ ส่ง ไป ที่ บริษัท เอกนิติ จำกัด ชั้น 5 ตอน บ่าย โมง ค่ะ คุณ ผู้รับ เซ็น รับ แล้ว ค่ะ ขอบคุณ ที่ ใช้ บริการ นะ คะ",0
"ครับคุณสุรชัย ผมชื่อเอกจากบริษัท SCG ครับ โทรมาตามที่คุณได้สอบถามเรื่องกระเบื้องปูพื้นและผนังสำหรับบ้านหลังใหม่ไว้ที่ร้านของเราที่เซ็นทรัล พระราม 2 ครับ ผมคำนวณราคาตามแบบที่คุณเลือกไว้มาแล้วครับ ใช้กระเบื้อง 60x60 ประมาณ 120 ตารางเมตร พร้อมค่าติดตั้งรวมประมาณ 85000 บาทครับ สนใจให้ผมส่งใบเสนอราคาอย่างเป็นทางการไปให้ไหมครับ",0
"พ่อครับ วันนี้ผมไปธนาคารทำเรื่องเปิดบัญชีเงินฝากประจำมาแล้วนะครับ ฝากไว้ 500000 บาท ระยะเวลา 12 เดือน ดอกเบี้ย 2.5 เปอร์เซ็นต์ต่อปีครับ พนักงานบอกว่าถ้าฝากครบ 1 ล้านจะได้ดอกเบี้ย 3 เปอร์เซ็นต์ครับ พ่อคิดว่าไงครับ จะเพิ่มเงินฝากอีกไหมครับ ถ้าเพิ่มผมจะไปติดต่อธนาคารให้ครับ",0
"สวัสดีครับ เอ่อ โทรมาจากฝ่ายดูแลลูกค้า ธนาคารกรุงเทพนะครับ คือระบบเราตรวจพบการทำรายการผิดปกติ เมื่อเช้า เวลาประมาณ เก้าโมงสี่สิบสอง นาที ไม่ทราบว่าคุณลูกค้าได้โอนเงินจำนวน สามหมื่นแปด พัน ไปที่บัญชี นายนพดล หรือเปล่าครับ ถ้าไม่ใช่ รบกวนยืนยันตัวตนโดยแจ้ง เลขบัตรประชาชน สิบสาม หลัก เพื่อทำการอายัดด่วนครับ เสียงอาจขาดๆหายๆ นิดหน่อยนะครับ",1
"ครับๆ สวัสดีครับ โทรจากบริษัทขนส่ง เค-เอส-เอ็กซ์ นะครับ พอดีมีพัสดุตีกลับ เนื่องจากที่อยู่ไม่ชัด ระบบมันอ่านไม่ออก เป็น ซอยสามสิบเก้า หรือ สามสิบเก้า ทับหนึ่ง ไม่แน่ใจครับ รบกวนยืนยันเลข OTP ที่ส่งเข้าเครื่องเมื่อครู่นี้ เพื่อให้จัดส่งใหม่ได้ครับ ไม่งั้นของจะถูกส่งคืนโกดังอัตโนมัติวันนี้",1
"เอ่อ สวัสดีค่ะ ดิฉันโทรมาจากสำนักงานประกันสังคม เรื่องเงินเยียวยาโควิดที่คุณยังไม่ได้รับนะคะ ตอนนี้เหลือผู้มีสิทธิ์กลุ่มสุดท้ายแล้ว ระบบจะปิดภายในวันนี้ค่ะ ต้องตรวจสอบสิทธิ์โดยการกดลิงก์ที่ส่งไปทาง SMS แล้วกรอกข้อมูลบัญชีธนาคารนะคะ เสียงอาจจะเบานิดนึง สัญญาณไม่ค่อยดีค่ะ",1
"สวัสดีครับ ผมโทรมาแจ้งเตือนเฉยๆ นะครับ ว่าเลขบัตรเครดิตของคุณมีความเสี่ยงจากร้านค้าออนไลน์ต่างประเทศ แต่ยังไม่พบความเสียหายใดๆ ตอนนี้เรายังไม่ต้องการข้อมูลใดๆ เพิ่มครับ แค่แนะนำให้หลีกเลี่ยงการกดลิงก์แปลกๆ เท่านั้น ขอบคุณครับ",0
"ครับ ฮัลโหล ได้ยินไหมครับ ผมจากกรมสอบสวนพิเศษ ดีเอสไอ ครับ ตอนนี้ชื่อคุณไปพัวพันคดีฟอกเงินข้ามชาติ มีเอกสารหมายศาลแล้ว ถ้าไม่ประสงค์ให้เรื่องถึงศาล ต้องรีบประสานเจ้าหน้าที่โดยด่วน เดี๋ยวผมจะโอนสายไปยัง ร้อยตำรวจเอก เอ่อ เสียงมันตัด ขออภัยครับ",1
"สวัสดีค่ะ โทรจากทรูนะคะ แจ้งโปรโมชันอัปเกรดแพ็กเกจอินเทอร์เน็ต จากเดิม 599 เป็น 399 สามเดือนแรก ไม่ต้องยืนยันข้อมูลส่วนตัวค่ะ ถ้าสนใจสามารถไปที่ช็อปหรือกด *123# เองได้เลยนะคะ วันนี้โทรมาแจ้งข้อมูลอย่างเดียวค่ะ",0
"เอ่อ สวัสดีครับ โทรจากศูนย์แอปพลิเคชันเป๋าตังค์ นะครับ ตอนนี้บัญชีคุณถูกระงับชั่วคราว เนื่องจากมีการเข้าสู่ระบบจากอุปกรณ์ต่างประเทศ จำเป็นต้องยืนยันข้อมูลโดยด่วนครับ ถ้าไม่ดำเนินการภายใน สิบห้านาที ระบบจะปิดถาวร กรุณาแจ้งรหัสหลังบัตรประชาชน เอ่อ เสียงผมขาดไหมครับ",1
"ครับ สวัสดีครับ โทรมาจากฝ่ายไอทีบริษัทที่คุณสมัครงานไว้นะครับ เรื่องเอกสารสมัครงานบางส่วน ไฟล์ที่ส่งมาเปิดไม่ได้ เฉยๆ เลยโทรมาแจ้งครับ ไม่ต้องส่งข้อมูลส่วนตัวเพิ่ม เดี๋ยวอีเมลกลับไปอีกที ขอบคุณครับ",0
"สวัดดีครับ โทรจากกสิกร เอ่อ ฝ่ายความปลอดภัยบัญชี ตอนนี้พบการพยายามเข้าสู่ระบบจากอุปกรณ์เสียวหมี่ ประเทศเวียดนาม ถ้าไม่ใช่คุณ กรุณารีบยืนยันข้อมูล เพื่อป้องกันเงินถูกดูดออกครับ ขั้นตอนใช้เวลาไม่ถึงสองนาที",1
"ฮัลโหล ครับๆ เอ่อ ผมโทรมาแจ้งเฉยๆ ว่าทางบริษัทจะมีการปิดปรับปรุงระบบคืนนี้ ช่วงตีหนึ่งถึงตีสาม ลูกค้าอาจใช้งานแอปไม่ได้ชั่วคราว ไม่มีอะไรต้องทำเพิ่มครับ ขอบคุณครับ",0
"สวัดดี ครับ โทรจาก ปอสอชอ ครับ เรื่องเงินกู้ด่วนที่คุณสมัครไว้ ระบบอนุมัติแล้ว เหลือขั้นตอนสุดท้าย โอนค่าดำเนินการ ก่อนห้าโมงวันนี้ ไม่งั้นสิทธิ์จะถูกยกเลิกอัตโนมัติ",1
"ค่ะ สวัสดีค่ะ โทรจากโรงพยาบาลเอกชน เรื่องใบนัดตรวจสุขภาพประจำปีของคุณ พอดีแพทย์เลื่อนเวลานิดหน่อย เดี๋ยวส่งรายละเอียดทาง SMS ให้ ไม่ต้องตอบกลับนะคะ",0
"เอ่อ ฮัลโหล เสียงได้ไหมครับ จาก ไลน์ เพย์ ซัพพอร์ต ตอนนี้บัญชีคุณมีความเสี่ยงสูง เนื่องจากตรวจพบธุรกรรมไม่ปกติ ถ้าไม่รีบยืนยัน ตัวระบบจะหักเงินเพื่อทดสอบบัญชี กรุณาแจ้งรหัสที่ขึ้นต้นด้วย L P ครับ",1
"สวัดดีคับ โทรจากฝ่ายสำรวจความพึงพอใจ หลังการใช้บริการร้านกาแฟเมื่อสัปดาห์ที่แล้ว ใช้เวลาไม่เกินหนึ่งนาที",0
"ครับเอ่อสวัดเสียงขาดนะครับ ผมจากกรมอะไรสักอย่าง เรื่องเอกสารคุณมีปัญหา เกี่ยวกับคดีออนไลน์ ถ้าไม่ติดต่อกลับภายในวันนี้ จะถูกออกหมายหมายอะไรไม่แน่ใจนะครับ เดี๋ยวส่งไลน์ไป",1
"สวัสดีค่ะ โทรมาแจ้งโปรโมชันบัตรสมาชิกฟิตเนสใหม่ ไม่จำเป็นต้องสมัครทางโทรศัพท์ สามารถดูรายละเอียดที่เว็บไซต์ทางการได้เลยค่ะ วันนี้โทรมาแจ้งข้อมูลอย่างเดียวค่ะ",0
"ฮัลโหล คับ จาก บิทบิทคอย เอ่อ แพลตฟอร์มลงทุน ตอนนี้พอร์ตคุณกำไรสูงมาก ระบบจะปิดรอบภายในหนึ่งชั่วโมง ต้องเติมเงินเพิ่มเพื่อถอนกำไร ไม่งั้นเงินจะค้างครับ",1
"สวัสดีครับ ผมโทรจากฝ่ายเทคนิคอินเทอร์เน็ตบ้าน แจ้งว่าพรุ่งนี้จะมีการเปลี่ยนอุปกรณ์บางจุด อาจทำให้เน็ตช้าช่วงสั้นๆ ไม่มีผลกับข้อมูลส่วนตัวครับ",0
"เอ่อ เสียงอ่าครับ โทรจาก ไปรษไปรสนีพัสดุคุณตกค้าง เพราะเลขบ้านหาย ต้องยืนยันตัวตน ด่วน กดหนึ่ง แล้วใส่เลขบัตรเอ่อสิบสามหลัก",1
"สวัสดีค่ะ โทรจากธนาคารออมสิน แจ้งว่าคุณมีสิทธิ์รับเงินคืนค่าธรรมเนียมรายปี สามารถตรวจสอบเองที่สาขาหรือแอปได้ ไม่ต้องแจ้งข้อมูลใดๆ ทางโทรศัพท์นะคะ",0
"ครับ ฮะโหล เสียงไม่ดีนะ ผมจาก ศูนย์ แอป รัฐบาล เป๋าเป๋าตัง บันชีคุณโดนล็อก เพราะข้อมูลไม่ตรง ต้องยืนยันตอนนี้ ถ้าไม่งั้น เงินจะหาย",1
"สวัสดีครับ โทรมาแจ้งว่าทางบริษัทจะมีการอัปเดตเงื่อนไขการใช้งานใหม่ รายละเอียดส่งทางอีเมลอย่างเป็นทางการครับ",0
"เอ่อ ครับ โทรจาก บัตรวีซ่า ระบบตรวจเจอซื้อของที่คุณไม่ได้ทำ ราคา สองหมื่นเก้า ถ้าไม่ปฏิเสธ รายการจะเสร็จสมบูรณ์ กรุณาบอกเลขหลังบัตรเพื่อยกเลิก",1
"สวัสดีค่ะ โทรจากฝ่ายทะเบียนโรงเรียน แจ้งเรื่องกำหนดการประชุมผู้ปกครองสัปดาห์หน้า",0
"ฮัลโหลจากศูนย์ศูนย์กลางเอ่อ เสียงมันหาย คือบัญชีคุณเกี่ยวกับเว็บผิดกฎหมาย ถ้าไม่ร่วมมือ จะโดนปิดทุกบัญชีธนาคารภายในคืนนี้",1
"ครับ โทรมาแจ้งว่ามีผู้ใช้หมายเลขนี้ลงทะเบียนรับข่าวสารโปรโมชั่นของบริษัทเรา หากไม่ต้องการรับสามารถกดยกเลิกได้ที่ SMS ครับ",0
"สวัดดีจาก กองกองปราบ เอ่อ เรื่องคุณไปเกี่ยวกับบัญชีม้า ถ้าไม่โอนเงินประกันความบริสุทธิ์ เดี๋ยวโดนจับ",1